{
  "varnames": ["llhd", "birth_rate", "rho_prob", "nu_prob", "nb_r", "nb_p"],
  "mean": [436.599201586077, 0.187848024066653, 0.00527962671869396, 0.174457594511722, 173.090882391668, 0.76596707277674],
  "sd": [1.25111410004094, 0.010375646446018, 0.00138241651287685, 0.0345616593331107, 7.83456033069423, 0.0380721074645897],
  "effective_size": [2253.22115065978, 4595.78152096767, 1399.91022613048, 716.604564745007, 767.973280511396, 753.366254619739]
}
