{
  "varnames": ["llhd", "birth_rate", "sampling_rate", "omega_rate", "nb_r", "nb_p"],
  "mean": [36.3457026152992, 0.19126038278228, 0.00634074940497987, 0.0434241251788683, 128.824838653069, 0.792442380141798],
  "sd": [1.24813078431458, 0.0106920633781103, 0.00161794671460109, 0.00825280192505375, 10.2932856890807, 0.025462411874367],
  "effective_size": [5000, 4467.38030337261, 4999.99999999999, 5567.47601562127, 5535.78392038404, 5581.91210197116]
}
